ID,revolutions,humidity,vibration,x1,x2,x3,x4,x5
1,53.4,59.8,28.5,99.6,57.0,95.0,53.8,43.8
2,40.4,56.5,24.9,87.6,64.3,91.7,53.9,70.4
3,58.6,58.2,29.5,108.4,66.5,88.5,51.7,66.1
4,60.9,63.5,22.2,115.2,68.9,85.9,48.7,39.9
5,32.4,60.5,22.7,101.5,55.2,84.3,53.6,35.2
6,39.2,62.3,63.5,86.3,65.7,110.5,56.3,72.5
7,53.9,64.0,26.7,105.6,58.9,84.0,58.3,57.8
8,49.8,58.9,24.9,95.2,71.1,86.3,52.8,44.6
9,53.2,64.6,34.4,97.1,63.9,78.1,47.1,57.5
10,45.2,62.8,33.2,106.3,56.5,101.9,49.0,64.4
11,62.9,54.9,31.9,103.9,76.8,89.6,60.2,59.0
12,62.3,68.3,56.3,98.8,68.4,105.9,52.9,41.4
13,55.5,58.7,28.1,97.9,76.2,97.8,59.2,82.6
14,66.5,53.0,27.0,103.5,76.1,90.3,47.5,72.1
15,60.3,56.2,25.6,100.0,64.1,96.5,51.8,56.0
16,47.4,56.4,23.4,95.2,63.8,79.2,55.1,56.5
17,60.0,61.9,27.5,100.9,68.6,103.1,51.5,64.3
18,47.1,60.3,23.8,105.8,71.8,93.4,60.5,46.4
19,65.9,60.1,24.4,102.3,72.0,88.5,54.3,63.9
20,57.0,65.0,30.6,93.9,68.0,98.9,57.8,44.0
21,56.0,63.7,30.4,110.9,65.8,83.2,54.4,59.2
22,51.4,63.6,35.6,84.9,65.2,91.1,58.1,46.0
23,70.8,64.2,47.7,101.2,77.8,107.5,62.0,46.6
24,57.4,65.3,31.0,100.1,67.2,79.3,55.6,79.7
25,55.0,51.8,29.6,105.7,64.5,93.2,57.6,60.7
26,56.1,60.6,28.2,108.8,64.0,92.3,51.8,62.5
27,65.3,51.6,32.9,112.9,66.8,103.3,53.7,35.9
28,64.0,62.8,33.7,100.2,62.2,82.4,57.1,52.8
29,64.8,62.7,32.0,109.5,65.7,100.7,50.8,65.5
30,65.4,68.0,30.2,107.0,77.1,86.7,58.1,62.3
31,82.8,68.8,32.5,93.8,73.8,88.6,57.5,34.2
32,57.7,64.0,46.1,119.2,70.8,90.7,52.2,62.5
33,57.0,60.6,26.2,96.0,54.7,81.6,55.7,64.4
34,54.3,65.6,26.9,109.2,69.1,90.9,56.8,75.4
35,68.9,60.6,26.7,109.2,69.9,81.7,53.9,52.1
36,74.4,63.4,34.0,108.6,69.9,96.4,55.1,33.1
37,62.3,68.4,35.6,103.4,69.6,88.8,57.0,48.0
38,55.4,60.8,25.5,112.8,64.1,80.5,52.8,46.8
39,55.9,67.7,30.9,96.3,56.2,87.3,57.6,68.8
40,71.0,67.1,27.9,106.9,75.9,91.0,54.3,27.4
41,72.2,59.0,30.3,103.6,72.9,88.5,64.2,54.6
42,70.5,68.8,29.3,103.0,69.6,89.9,51.9,77.1
43,58.8,67.5,32.6,110.9,62.8,95.5,54.7,60.1
44,68.1,64.6,28.7,115.6,63.1,95.8,53.8,70.8
45,67.2,60.4,35.0,105.8,71.3,90.6,62.3,40.3
46,68.6,60.0,30.1,113.9,78.6,83.8,48.7,40.8
47,75.4,61.7,29.6,108.9,73.6,90.3,56.4,77.2
48,69.3,67.2,26.8,102.5,63.9,91.2,57.9,61.2
49,74.1,59.8,32.9,107.1,73.4,82.7,55.3,61.2
50,68.3,66.8,35.2,107.0,70.2,87.3,61.7,46.6
51,70.8,58.5,32.4,104.4,75.6,86.9,58.3,61.2
52,74.6,63.8,41.2,112.4,75.4,94.4,53.7,46.2
53,54.0,65.5,35.1,111.2,51.3,88.0,57.0,74.2
54,65.6,77.2,30.8,98.6,72.4,94.6,53.4,92.7
55,64.4,58.2,29.0,98.3,64.3,79.9,53.7,65.8
56,63.0,72.5,33.1,113.0,61.8,82.1,55.8,52.4
57,66.9,66.0,28.0,104.5,69.1,87.0,55.7,29.6
58,84.9,67.4,38.8,112.5,77.5,93.3,50.2,39.8
59,61.6,66.0,32.0,116.0,60.3,82.3,58.0,78.7
60,80.2,67.7,34.5,101.8,77.6,88.6,50.3,47.6
61,54.0,64.8,32.0,101.0,70.0,88.6,56.5,55.5
62,67.7,73.0,38.9,122.8,70.5,92.1,54.3,67.9
63,73.0,63.5,60.6,113.7,67.6,106.2,52.0,77.8
64,77.5,71.5,32.9,108.4,68.4,87.5,63.2,57.6
65,79.0,62.7,38.9,105.0,78.8,103.3,57.4,55.1
66,80.1,65.7,37.1,108.1,66.5,96.5,60.9,60.9
67,68.9,60.8,29.9,103.5,76.0,85.1,60.6,52.5
68,68.0,68.5,31.7,118.1,69.6,91.4,54.3,53.1
69,81.5,73.5,34.9,106.7,74.0,93.2,65.4,64.9
70,71.2,66.0,33.4,119.9,62.8,99.0,50.5,62.2
71,60.6,65.5,24.9,109.6,67.4,83.8,59.2,85.6
72,62.3,61.0,24.1,105.3,71.8,91.7,52.4,65.3
73,64.6,65.5,27.4,109.7,62.7,89.0,52.5,73.8
74,79.0,58.8,28.7,94.5,76.2,98.3,56.0,47.1
75,75.7,62.2,29.8,112.1,73.2,97.6,58.7,66.3
76,81.4,68.0,36.2,111.9,71.2,94.3,60.9,51.3
77,70.4,73.6,31.8,119.0,75.4,89.3,60.3,64.7
78,76.5,81.1,34.7,100.2,61.9,95.4,63.0,68.3
79,81.4,64.2,28.4,121.7,76.2,88.1,57.8,60.6
80,72.2,74.4,30.9,119.4,79.8,100.5,61.0,88.9
81,80.1,68.5,35.8,122.6,81.2,93.4,59.6,77.1
82,69.1,66.6,34.1,113.6,72.7,89.6,57.5,74.1
83,72.3,69.6,29.5,121.2,70.2,87.0,61.2,69.2
84,72.3,67.9,32.9,103.9,68.5,84.2,50.7,81.2
85,64.3,68.2,39.9,119.4,67.8,98.3,56.8,42.8
86,81.3,65.7,33.4,109.1,77.1,86.8,50.7,76.4
87,72.0,60.8,28.9,103.1,67.6,96.0,55.4,48.1
88,76.9,60.2,48.6,106.9,76.9,91.5,60.6,53.2
89,81.8,71.2,34.3,114.9,85.2,92.9,56.6,66.7
90,81.6,66.7,33.0,109.2,74.2,98.4,57.2,74.8
91,84.0,65.1,33.7,117.8,68.5,78.9,59.1,46.2
92,76.5,68.2,27.2,102.6,66.2,100.7,49.0,53.8
93,73.4,72.2,28.9,100.5,75.9,86.9,56.8,61.2
94,77.0,69.3,32.5,125.1,72.8,92.1,59.2,57.8
95,61.0,65.2,29.7,121.9,72.7,93.3,44.5,70.2
96,63.6,74.6,29.2,108.4,66.4,94.0,55.9,101.2
97,64.9,76.5,31.1,115.8,73.6,92.2,65.0,65.0
98,68.3,71.1,32.2,123.1,69.7,97.1,62.5,51.2
99,82.4,73.6,37.8,119.0,71.1,97.0,60.9,44.4
100,69.5,75.0,32.0,117.2,68.8,101.6,63.5,56.1
101,74.9,74.5,34.8,124.0,66.5,95.5,60.7,48.7
102,91.7,72.0,33.3,111.3,87.5,103.4,61.0,65.6
103,75.3,72.0,64.6,116.7,72.1,112.7,57.5,65.4
104,86.3,71.7,36.2,116.5,79.1,82.3,59.1,54.4
105,69.7,63.7,35.0,114.8,68.2,108.2,53.0,83.8
106,77.1,72.8,36.2,114.1,67.9,89.7,64.2,51.2
107,69.7,62.6,33.8,117.4,69.7,100.9,61.1,58.6
108,75.9,65.4,32.2,117.3,78.3,91.3,61.7,67.7
109,87.8,76.0,36.2,109.8,73.7,99.5,58.8,70.7
110,62.2,73.8,35.5,122.8,64.3,88.6,55.7,75.3
111,83.9,77.1,32.1,110.5,75.9,94.8,65.9,65.1
112,82.0,68.3,31.3,115.9,77.1,89.1,59.5,72.6
113,73.7,64.0,32.9,115.4,80.3,100.9,56.9,52.0
114,65.3,68.6,32.9,120.1,71.4,94.1,54.9,71.0
115,80.5,70.4,30.4,102.8,77.4,95.8,59.9,70.9
116,74.5,70.4,32.5,124.0,75.9,78.3,53.8,78.2
117,82.2,75.7,34.0,113.1,68.9,91.5,62.8,40.0
118,80.1,68.3,24.6,126.5,69.2,89.8,62.8,49.1
119,95.9,72.0,35.3,114.7,73.4,94.0,65.3,69.9
120,77.5,65.3,32.2,117.8,66.6,96.9,59.0,28.2
121,69.7,72.6,31.6,131.6,74.9,88.6,53.5,65.9
122,81.8,70.4,39.6,116.3,76.0,95.1,58.9,72.7
123,82.2,66.7,28.8,127.0,75.1,96.5,65.2,53.1
124,93.6,69.4,32.3,118.7,65.1,77.5,54.3,54.8
125,88.4,69.7,24.4,121.4,86.8,90.7,57.6,47.1
126,83.6,69.3,32.2,119.0,70.6,89.1,63.4,53.7
127,94.6,79.6,35.0,124.6,88.6,87.0,64.3,54.1
128,68.1,70.3,29.8,113.9,63.2,91.9,68.0,51.8
129,73.6,69.7,37.0,111.9,68.0,100.9,54.9,51.1
130,70.7,60.4,34.9,114.3,60.2,98.7,50.2,56.7
131,76.0,66.5,33.0,119.6,74.6,90.7,61.5,56.6
132,66.1,69.7,30.0,117.4,64.3,95.3,53.1,82.5
133,86.2,67.7,38.5,124.0,70.5,99.5,56.3,55.3
134,77.6,78.1,33.8,128.2,66.4,91.4,61.0,64.1
135,65.1,70.4,53.3,112.3,73.4,97.5,62.3,53.1
136,69.6,77.8,25.8,114.0,74.4,84.1,63.6,52.9
137,82.8,71.7,52.5,109.2,83.9,106.3,60.5,39.5
138,88.0,71.6,37.9,133.5,73.0,93.7,57.0,41.1
139,99.5,71.1,45.7,121.5,80.9,91.6,63.3,45.5
140,108.6,71.6,38.3,122.7,76.1,84.0,74.7,62.2
141,83.5,80.2,31.9,110.0,73.4,95.9,64.8,72.9
142,69.4,60.1,26.5,119.5,68.2,85.0,54.4,38.6
143,57.9,61.7,31.8,123.1,69.7,92.9,49.5,53.4
144,81.8,69.1,26.7,117.8,79.6,95.8,55.1,43.6
145,70.9,71.9,34.6,127.1,76.2,84.4,57.9,56.8
146,74.8,75.4,36.5,135.8,68.2,93.0,58.0,72.9
147,72.7,74.3,34.6,113.0,76.8,91.3,59.7,54.6
148,77.3,70.1,32.3,112.5,73.0,93.4,65.2,59.4
149,89.3,77.2,37.8,113.6,75.2,101.3,65.9,77.5
150,80.1,77.3,34.9,131.0,70.5,84.5,60.3,65.5
151,76.8,73.1,30.3,127.1,70.2,93.6,54.4,50.9
152,67.9,77.1,39.8,118.9,79.1,101.1,66.2,61.9
153,61.4,73.7,29.7,120.1,70.0,88.7,59.3,50.1
154,73.2,69.5,35.6,114.1,72.8,92.0,50.9,65.0
155,77.4,75.9,24.0,126.1,71.9,89.5,63.2,66.2
156,95.4,73.0,41.3,117.2,90.8,97.7,63.3,43.6
157,78.9,72.5,39.5,118.1,80.2,98.2,49.3,62.1
158,87.3,79.9,35.6,124.2,72.6,96.2,58.7,58.6
159,72.3,60.4,33.9,118.6,70.3,86.1,53.7,66.5
160,65.3,65.6,33.3,118.3,68.5,97.6,59.2,70.0
161,67.3,66.8,28.9,120.0,70.9,96.5,54.7,65.7
162,69.6,70.9,34.3,125.5,67.4,93.3,55.0,56.4
163,97.9,71.5,33.2,131.5,81.6,82.6,61.5,71.2
164,68.3,65.3,29.0,124.1,77.8,88.8,54.2,49.5
165,84.7,68.0,38.7,125.6,68.8,95.5,59.4,44.2
166,67.1,68.7,57.5,118.6,64.5,96.9,53.0,21.7
167,85.2,85.0,32.8,115.0,73.1,89.2,58.6,59.2
168,79.6,82.1,31.6,124.6,71.7,82.3,65.9,50.1
169,74.0,71.0,30.2,121.2,82.2,93.7,59.4,64.8
170,74.9,71.3,35.9,110.0,77.5,93.9,62.2,36.3
171,68.6,67.4,27.7,117.7,75.3,79.0,54.8,52.2
172,79.4,63.7,34.4,119.4,72.5,94.3,52.3,65.6
173,70.2,72.7,35.3,116.4,69.6,92.3,64.5,47.6
174,62.2,68.3,30.4,130.3,61.4,93.3,51.2,64.9
175,61.5,72.9,35.1,123.3,72.4,90.2,64.2,53.3
176,75.8,65.4,31.4,129.5,75.2,85.9,61.4,59.6
177,89.6,69.6,34.2,121.7,83.3,87.5,61.3,67.1
178,75.2,74.2,29.3,120.5,71.5,86.4,56.9,71.4
179,72.2,75.4,36.9,113.3,71.0,93.6,56.9,61.1
180,76.0,75.7,30.4,119.9,73.7,91.1,59.4,50.2
181,85.9,67.0,35.6,119.9,80.2,91.7,51.6,54.5
182,74.8,77.9,33.2,110.2,65.1,89.1,57.3,67.6
183,68.3,69.7,27.6,116.0,74.2,86.7,60.5,47.7
184,83.2,76.9,32.2,117.5,74.9,106.1,63.4,57.9
185,76.2,73.7,38.9,122.6,67.6,89.8,55.3,55.4
186,87.0,66.9,35.2,122.9,65.7,89.3,59.5,58.8
187,73.2,72.3,28.7,115.6,71.3,109.1,60.7,47.9
188,58.8,75.7,32.1,122.9,74.9,93.6,66.3,37.8
189,57.1,77.0,30.1,118.3,75.5,81.8,63.1,66.2
190,87.0,73.2,48.7,99.4,77.9,104.4,63.5,71.6
191,87.5,81.6,36.8,116.1,86.1,87.9,64.5,38.5
192,68.2,79.1,31.0,127.0,70.2,96.0,65.6,64.4
193,65.9,72.8,37.4,107.6,74.5,92.4,54.0,73.0
194,84.0,77.8,27.5,120.1,72.9,86.1,60.6,67.2
195,58.1,83.8,31.8,130.4,64.9,100.6,63.4,55.0
196,59.9,83.9,39.7,113.9,64.6,98.2,62.6,48.7
197,75.0,68.0,32.2,119.2,62.2,96.9,59.0,61.0
198,64.3,69.6,24.3,110.0,75.7,89.8,60.4,63.0
199,67.9,81.7,31.1,130.5,67.2,87.9,64.2,61.1
200,66.0,69.0,37.2,118.4,65.8,97.3,56.9,57.8
201,70.7,67.7,33.5,119.3,65.3,99.0,54.1,47.0
202,81.1,71.9,30.6,128.4,73.3,91.1,63.1,65.1
203,67.6,76.5,29.5,123.5,79.1,100.6,62.0,65.7
204,72.8,73.9,30.6,112.6,82.3,95.4,55.5,62.4
205,45.6,71.2,30.0,114.2,55.4,91.3,57.7,61.3
206,65.3,71.1,36.8,122.1,67.8,94.9,51.5,80.2
207,57.0,70.9,34.4,114.2,61.9,93.0,58.5,52.5
208,52.9,70.1,31.4,103.7,70.8,83.2,57.2,75.4
209,56.0,85.0,25.9,118.1,68.2,87.4,61.7,51.2
210,61.1,76.0,41.7,108.0,65.1,97.2,66.7,73.3
211,73.3,79.0,35.4,129.6,72.4,90.2,57.0,74.8
212,50.5,72.1,24.0,119.4,62.8,89.0,61.7,56.5
213,63.8,73.7,30.6,111.8,77.2,90.4,68.2,79.9
214,58.3,71.1,31.6,113.2,70.2,95.4,62.7,65.6
215,59.5,61.4,25.3,104.7,71.2,91.6,54.4,49.5
216,72.5,67.8,28.2,110.2,58.4,90.1,52.6,55.5
217,67.5,65.6,59.9,124.9,69.9,96.7,50.8,73.6
218,75.1,63.4,34.4,133.3,82.9,102.9,53.7,71.1
219,59.8,68.7,34.7,122.7,74.6,91.5,54.7,47.3
220,54.1,81.4,33.1,116.9,57.0,91.1,59.7,58.3
221,58.5,74.5,31.0,114.4,66.0,88.4,58.5,62.4
222,62.8,81.2,28.9,110.6,62.8,86.5,62.1,53.9
223,61.8,76.8,27.1,131.7,77.1,97.8,62.7,88.3
224,48.8,78.7,27.6,115.8,65.9,97.1,56.5,62.8
225,60.2,70.3,32.3,131.9,64.2,93.8,55.4,59.3
226,61.2,77.4,32.7,126.7,68.5,90.7,60.3,74.3
227,83.7,78.5,26.4,104.7,62.1,91.9,60.6,55.6
228,77.0,72.0,30.2,112.1,67.7,90.5,66.1,72.1
229,49.3,77.7,34.4,112.0,65.0,91.1,62.0,40.0
230,54.6,77.7,30.7,116.0,70.6,92.4,54.6,54.6
231,42.5,72.1,22.5,116.0,53.0,83.6,60.5,72.6
232,50.8,69.3,38.6,137.3,63.3,95.8,59.9,78.8
233,59.5,69.0,30.3,108.7,72.9,91.4,57.1,50.7
234,68.0,75.4,33.8,117.7,63.1,95.5,55.3,49.3
235,48.3,76.6,31.0,120.3,65.6,86.8,67.7,66.8
236,48.7,71.0,27.5,115.9,64.9,93.0,54.1,52.5
237,33.4,75.1,24.1,116.5,68.6,81.6,62.7,56.8
238,52.9,77.8,38.6,108.3,64.7,90.9,61.9,70.5
239,43.5,78.1,32.8,116.3,62.2,88.2,63.6,53.5
240,48.5,82.7,33.2,119.0,68.8,85.2,69.9,36.4
241,44.6,81.4,31.5,117.6,56.7,96.8,64.8,44.4
242,52.1,70.0,25.4,119.2,64.5,81.9,55.8,60.1
243,35.1,83.4,33.0,124.9,58.3,87.3,67.8,37.6
244,37.6,72.3,24.1,121.5,60.6,94.6,56.4,56.4
245,73.2,80.2,34.5,115.3,76.2,88.8,62.7,43.3
246,38.6,75.3,43.3,106.5,64.4,95.5,54.9,79.7
247,40.2,72.9,19.7,110.3,58.3,78.8,55.0,86.0
248,69.1,66.0,32.9,112.9,71.4,96.4,56.6,47.3
249,79.4,74.1,30.6,116.0,81.3,95.4,61.1,63.1
250,38.3,67.2,19.2,110.8,57.3,89.0,50.1,48.5
251,45.9,79.8,31.4,107.5,64.5,93.9,63.9,56.3
252,52.7,82.6,39.0,105.6,64.8,94.9,59.8,81.6
253,66.2,71.0,37.2,102.2,69.5,90.5,63.5,54.4
254,38.6,76.5,26.9,112.0,53.4,83.6,59.2,56.6
255,45.7,71.4,28.6,103.2,70.8,97.0,54.1,48.7
256,55.5,71.8,33.6,106.3,62.8,96.4,59.0,73.8
257,51.7,78.9,34.6,110.4,70.6,88.1,57.9,20.8
258,43.2,74.8,27.1,103.7,59.9,88.8,65.0,54.7
259,45.3,83.7,29.6,115.6,60.5,88.0,63.5,59.4
260,32.5,72.6,27.9,117.9,65.8,82.2,58.4,52.1
261,43.5,80.0,31.1,108.8,68.0,91.6,64.4,70.4
262,42.8,75.4,27.9,109.4,63.9,86.5,56.1,74.4
263,47.4,78.9,28.9,116.1,68.0,83.7,56.4,43.1
264,39.2,72.7,33.2,107.2,60.3,82.7,60.7,85.1
265,49.1,74.7,34.2,106.5,64.7,82.7,55.5,42.9
266,54.1,74.3,65.6,120.2,62.9,105.6,55.3,75.5
267,45.2,70.7,35.3,117.9,68.1,92.1,61.6,61.8
268,46.8,78.2,27.7,115.8,60.6,83.6,63.4,54.0
269,43.4,78.1,35.2,117.9,70.4,96.5,56.2,55.1
270,42.5,77.8,30.8,97.4,61.2,90.0,58.6,59.6
271,35.0,82.6,40.9,120.6,60.6,98.9,59.4,62.5
272,45.0,82.1,24.5,113.7,67.3,86.2,69.9,49.0
273,40.5,73.0,25.2,117.8,62.3,82.9,62.8,57.2
274,62.0,76.7,33.1,113.3,67.1,92.2,59.0,50.8
275,56.5,71.7,31.8,110.8,66.8,83.3,61.0,45.4
276,44.2,74.9,36.4,108.4,67.7,96.4,54.5,50.2
277,32.4,71.8,23.9,112.7,56.4,81.3,56.0,46.2
278,28.5,82.9,30.5,107.8,57.9,95.8,63.6,55.0
279,51.2,76.6,34.5,115.9,65.4,90.2,62.4,65.2
280,41.6,73.6,30.9,98.5,66.8,96.8,59.1,61.4
281,43.4,80.7,57.1,105.7,62.5,96.8,63.3,83.7
282,20.8,63.8,29.9,123.6,65.3,85.9,55.8,33.5
283,47.2,64.6,33.2,104.8,63.4,93.9,55.2,65.6
284,42.1,78.6,31.0,107.3,61.4,97.5,60.3,60.1
285,26.1,74.9,26.7,102.6,57.0,98.3,58.3,69.8
286,32.2,75.9,27.8,111.0,53.1,89.1,61.3,68.6
287,39.2,68.0,27.0,103.3,56.6,99.5,58.8,58.0
288,36.7,74.5,30.0,107.0,58.4,88.3,60.6,62.1
289,33.0,84.6,27.8,114.1,65.6,95.5,59.1,51.1
290,34.5,78.6,24.1,103.1,60.2,81.4,57.4,67.4
291,32.7,75.4,22.7,113.3,57.4,88.9,61.8,37.5
292,36.4,72.3,24.2,113.4,67.1,73.0,64.8,69.3
293,49.3,72.5,30.1,114.8,72.5,83.3,59.6,59.7
294,10.0,63.8,22.5,108.2,59.3,89.1,53.9,54.2
295,31.6,75.7,27.7,129.8,55.2,81.0,61.2,57.2
296,35.4,78.6,29.6,114.3,58.1,92.4,56.9,58.1
297,36.3,66.5,24.3,109.0,70.0,92.6,61.8,75.6
298,29.3,71.0,31.9,100.4,60.0,87.9,59.1,98.8
299,15.1,68.5,22.7,105.7,53.2,80.5,54.7,74.6
300,35.6,69.4,25.2,116.2,64.3,84.8,57.1,53.2
301,49.3,74.5,31.3,118.0,69.8,84.9,57.7,67.6
302,16.4,63.8,16.2,116.2,52.1,82.5,60.8,68.1
303,40.1,77.2,25.0,111.1,63.1,88.1,60.1,48.9
304,27.9,77.9,30.3,96.7,63.0,88.3,61.8,44.9
305,30.3,72.9,19.4,108.7,53.3,94.7,61.5,59.2
306,20.1,61.7,28.4,96.4,56.1,84.9,51.7,69.7
307,27.0,69.1,31.6,94.5,52.5,99.1,58.4,40.7
308,43.0,80.2,27.4,106.4,58.0,82.5,63.2,51.3
309,35.6,60.1,27.3,108.2,57.9,89.1,47.8,66.9
310,46.8,72.2,33.3,110.7,66.4,98.7,59.9,60.5
311,41.0,68.0,25.7,107.7,60.7,94.6,57.0,77.0
312,33.3,77.9,30.7,107.7,56.7,87.8,61.7,43.1
313,46.1,70.5,25.9,96.9,64.1,91.3,58.3,88.2
314,32.8,75.8,53.6,102.9,54.1,104.3,61.4,41.5
315,36.4,76.6,24.4,92.9,63.1,84.0,66.0,35.7
316,24.9,82.9,27.7,89.2,63.1,92.5,58.4,59.3
317,28.3,72.7,30.7,108.3,58.1,101.5,57.7,46.4
318,20.4,75.5,24.4,97.6,55.1,90.0,62.9,59.5
319,37.0,66.2,21.8,108.8,63.0,89.3,58.4,59.1
320,15.1,79.5,20.3,110.3,44.4,89.2,63.6,57.7
321,34.5,69.7,28.3,98.0,63.0,80.4,68.9,49.9
322,24.5,70.7,32.7,106.3,72.9,94.1,60.7,65.2
323,37.9,73.3,29.1,97.3,60.8,83.4,63.8,56.2
324,33.5,65.6,24.7,88.8,59.5,83.8,55.0,73.2
325,43.9,74.5,31.6,102.4,66.9,103.8,55.8,57.8
326,32.8,78.2,26.2,98.1,68.1,86.6,60.0,48.4
327,10.0,74.7,22.0,98.1,57.9,81.6,62.7,39.7
328,24.4,65.3,21.1,114.8,46.5,92.5,57.7,57.9
329,13.2,72.6,29.4,90.1,56.8,84.0,60.7,44.8
330,19.5,76.9,14.9,103.3,68.7,79.8,59.9,43.8
331,39.6,63.7,30.2,93.5,65.0,97.6,54.0,66.3
332,30.6,67.7,24.2,106.6,53.4,87.4,56.4,38.7
333,17.1,77.4,23.1,102.2,56.5,77.2,63.9,76.9
334,13.8,74.3,30.8,102.5,47.7,93.7,63.1,61.9
335,24.0,75.0,22.7,93.1,63.4,84.0,56.0,59.5
336,11.4,82.2,21.6,94.1,48.6,95.0,65.9,47.6
337,16.6,75.2,24.0,105.8,55.4,83.4,57.5,69.2
338,26.3,76.1,27.7,111.5,53.6,95.2,62.3,60.0
339,34.6,85.0,26.2,102.3,57.6,98.8,63.2,51.8
340,28.9,71.6,19.8,92.5,66.1,79.8,64.9,62.4
341,10.0,68.6,19.5,100.9,53.5,83.6,55.8,39.8
342,25.6,74.7,56.9,115.4,54.9,105.8,60.6,40.4
343,23.1,74.7,25.7,98.9,51.2,82.7,62.3,46.6
344,26.4,69.8,27.3,108.2,48.6,90.3,54.4,64.2
345,38.3,67.2,26.1,92.6,55.2,86.7,56.6,60.0
346,10.0,83.9,21.6,97.3,53.6,84.3,62.5,72.6
347,15.9,73.9,31.0,101.8,59.7,90.8,57.5,49.0
348,27.6,68.6,24.9,100.0,55.5,87.9,55.7,66.9
349,10.0,76.8,21.9,91.7,60.9,86.9,65.2,58.6
350,36.2,71.6,31.5,91.2,57.3,87.2,56.2,48.7
351,25.0,70.8,56.1,103.6,56.3,99.7,60.6,64.6
352,29.7,74.8,24.1,104.8,53.5,86.3,61.2,59.2
353,15.4,65.5,23.6,106.9,59.6,86.5,50.6,52.5
354,29.2,73.7,26.3,108.8,69.2,85.5,61.6,60.5
355,31.6,81.4,28.3,96.9,50.7,91.1,56.9,58.4
356,23.2,74.1,33.8,93.6,55.2,81.0,62.2,58.2
357,23.1,69.9,26.4,105.0,63.3,83.8,55.9,55.0
358,23.4,69.1,15.5,100.4,49.8,81.1,57.7,44.3
359,12.0,69.6,24.7,88.3,56.4,82.2,52.7,60.9
360,19.1,70.3,24.6,87.8,61.8,97.1,58.6,50.4
361,18.9,69.6,24.6,98.3,56.1,87.4,61.5,47.8
362,24.2,76.0,26.7,93.4,60.0,89.4,57.2,57.1
363,30.3,62.7,25.4,94.3,67.9,84.8,52.7,68.8
364,10.0,75.6,23.3,101.8,62.7,86.6,62.1,62.2
365,19.0,69.4,26.9,99.4,55.4,81.2,59.7,53.6
366,35.0,73.1,24.9,103.2,57.8,86.4,49.5,53.1
367,12.7,65.5,37.0,80.2,49.2,87.9,64.3,67.6
368,11.9,77.7,36.1,95.4,58.5,91.4,63.2,31.2
369,22.1,77.2,22.6,98.3,49.8,70.9,63.7,69.6
370,28.5,75.7,26.7,82.5,57.3,81.6,59.7,37.5
371,20.2,63.3,18.1,88.5,56.6,92.8,47.9,43.0
372,33.3,75.0,27.5,87.0,57.5,93.7,62.7,53.8
373,28.6,72.8,22.4,92.8,60.0,94.1,56.9,86.0
374,28.4,62.6,23.5,103.9,71.3,95.1,57.2,80.1
375,25.5,70.5,29.6,106.5,57.0,93.8,57.3,68.5
376,43.3,72.4,30.2,86.5,60.8,87.4,59.9,64.3
377,18.0,73.3,26.8,95.7,60.5,82.2,56.2,37.7
378,10.0,71.3,16.1,95.7,54.2,89.9,62.0,61.9
379,36.1,71.8,34.5,94.4,68.0,92.6,54.0,53.4
380,15.5,77.6,19.8,94.3,55.5,99.9,70.0,50.2
381,21.2,76.3,31.4,93.4,55.1,88.5,69.5,61.9
382,33.2,55.8,29.5,103.0,51.0,101.6,58.9,54.3
383,10.0,68.5,25.3,98.7,44.9,86.7,62.5,70.4
384,10.0,69.2,19.6,83.4,43.8,92.8,57.3,36.8
385,10.0,61.2,23.0,96.2,54.9,96.7,59.1,60.9
386,12.3,70.3,21.6,96.7,46.9,79.7,57.7,49.5
387,24.7,76.0,25.9,92.5,63.7,85.0,54.2,55.1
388,25.6,64.3,24.0,98.1,57.8,80.8,61.7,63.7
389,23.2,71.3,17.0,91.3,55.7,76.1,63.0,46.6
390,10.0,65.0,27.2,91.2,48.8,92.6,55.9,62.0
391,10.0,66.1,48.7,90.5,56.1,98.2,51.5,57.5
392,21.2,76.8,23.4,75.4,52.3,87.0,58.4,52.1
393,16.0,66.6,21.5,88.8,49.9,89.1,49.4,54.4
394,25.4,71.6,27.0,84.5,63.6,77.4,62.4,58.1
395,28.0,59.8,21.4,80.7,60.2,93.4,47.5,50.8
396,22.4,78.4,36.9,98.9,55.5,91.4,62.5,60.1
397,28.7,72.1,27.7,92.2,61.8,92.0,55.5,56.7
398,23.5,68.1,27.0,88.3,57.1,92.2,51.5,52.7
399,26.7,71.8,25.0,84.4,59.9,95.7,59.7,79.1
400,14.4,61.8,18.5,90.3,50.2,83.6,53.4,65.0
401,19.8,74.7,25.3,95.0,66.3,74.9,63.2,55.4
402,23.7,67.0,19.1,82.2,54.2,84.9,51.7,61.8
403,30.0,67.6,21.8,87.8,66.8,87.1,54.0,47.7
404,18.0,66.1,21.0,93.7,54.5,79.3,46.9,54.8
405,27.3,65.5,28.7,73.9,62.2,90.2,47.5,56.2
406,19.6,71.8,23.2,86.9,59.6,84.4,65.9,45.0
407,21.2,69.6,23.0,84.2,62.1,78.4,66.2,64.6
408,30.8,71.5,34.2,86.1,55.0,96.1,59.0,53.9
409,10.0,68.1,24.4,83.4,58.4,83.8,53.9,55.7
410,10.0,70.6,24.5,87.7,62.2,84.8,57.0,53.2
411,10.0,65.9,21.3,100.1,51.7,82.9,59.9,95.5
412,10.0,79.0,21.4,84.2,53.2,93.1,59.5,52.0
413,16.6,60.0,14.5,88.4,52.4,82.0,55.0,35.2
414,31.0,74.0,30.4,100.2,57.6,90.7,59.5,40.8
415,20.9,74.5,26.9,82.2,64.8,85.8,57.5,69.1
416,25.9,63.3,24.2,98.6,52.7,89.9,53.2,76.0
417,35.0,78.6,27.0,85.9,55.8,96.6,62.6,51.8
418,37.6,72.4,30.4,98.2,69.3,94.1,55.1,75.3
419,23.8,72.2,19.1,90.8,60.3,88.7,60.7,68.9
420,38.2,67.4,24.8,87.6,72.1,91.0,55.1,57.7
421,25.8,66.1,20.6,84.8,55.5,77.0,56.9,56.9
422,16.7,66.0,30.9,80.8,55.6,85.2,61.9,62.2
423,19.4,68.9,27.9,85.6,52.5,87.7,56.9,70.5
424,10.7,73.9,14.7,91.2,53.9,78.0,63.2,64.8
425,16.8,67.7,17.9,84.7,46.2,77.6,49.9,51.9
426,22.4,62.2,23.8,82.5,60.1,75.7,53.0,57.9
427,34.2,70.8,24.9,82.8,61.9,79.4,58.4,83.8
428,43.6,71.2,22.9,91.4,62.8,84.9,66.2,63.0
429,12.8,69.7,31.3,92.9,51.9,90.2,50.0,70.4
430,30.8,70.1,27.5,79.5,54.8,84.0,57.7,66.5
431,16.7,64.9,25.6,79.4,58.6,88.3,61.8,63.3
432,32.1,61.6,23.0,86.6,53.8,83.9,51.5,61.3
433,26.3,61.8,27.8,94.5,60.4,95.4,53.9,70.8
434,10.0,57.9,20.6,91.8,63.4,84.3,54.5,68.6
435,37.4,67.1,25.8,74.9,68.6,92.1,57.6,63.2
436,22.3,65.5,27.0,81.7,49.2,89.7,62.5,51.7
437,23.3,63.6,18.1,76.9,54.3,75.6,57.2,64.6
438,18.2,50.9,29.2,81.4,57.6,89.1,55.7,59.2
439,22.6,59.4,24.9,94.4,56.4,80.0,52.3,56.3
440,33.7,71.1,31.9,73.2,53.1,90.3,55.5,92.1
441,27.8,62.1,20.8,71.7,60.3,80.9,53.9,41.5
442,33.3,67.1,22.7,77.1,59.9,88.6,52.2,71.5
443,33.9,58.3,21.1,84.8,69.7,77.5,55.3,49.6
444,43.8,72.4,29.4,87.1,61.9,89.8,57.4,61.6
445,27.4,64.4,25.5,85.7,64.1,91.2,53.1,90.8
446,16.4,66.4,48.7,90.8,48.6,104.8,58.6,48.5
447,42.1,76.5,24.4,70.1,57.5,82.6,56.0,51.3
448,28.4,72.4,21.0,90.7,62.1,85.6,62.0,59.8
449,43.2,63.2,27.3,80.1,68.4,89.8,53.4,49.8
450,36.2,61.7,24.5,87.3,56.1,96.5,59.3,70.6
451,31.4,62.9,23.0,72.8,59.5,77.6,53.6,53.6
452,36.5,67.0,33.0,82.0,54.0,86.0,59.3,67.8
453,52.8,63.8,28.7,83.6,64.9,106.2,56.2,44.0
454,54.4,62.3,34.2,89.9,70.5,90.5,57.9,38.3
455,34.6,71.5,24.8,70.7,58.2,76.1,59.0,57.3
456,35.8,63.5,27.4,81.9,59.5,85.2,48.7,41.2
457,45.3,75.5,28.6,74.0,57.9,72.7,64.2,78.2
458,26.4,64.4,33.3,85.1,54.7,93.1,55.4,41.6
459,38.5,72.7,33.3,86.9,70.3,96.5,62.2,47.5
460,35.3,65.5,26.0,90.4,61.0,82.5,59.0,65.0
461,39.0,68.5,30.3,77.6,56.7,87.3,54.3,53.0
462,27.9,59.9,22.0,87.8,56.8,91.5,50.3,41.8
463,20.7,59.2,23.2,90.7,48.2,76.1,56.3,84.5
464,16.2,65.7,20.2,69.6,49.8,77.2,55.1,48.0
465,26.1,68.2,30.3,85.4,64.6,88.8,61.0,57.6
466,33.0,63.4,27.3,87.7,59.2,84.1,54.6,57.5
467,35.0,56.7,27.3,79.1,70.0,86.9,56.8,68.5
468,57.6,56.2,34.6,72.4,66.8,84.7,54.2,65.5
469,49.7,55.8,32.5,87.4,64.7,92.5,53.5,50.1
470,29.3,54.0,27.8,72.4,62.0,88.0,50.1,56.1
471,42.8,63.3,21.8,79.5,49.5,89.2,56.2,57.3
472,35.6,68.3,24.0,80.4,61.7,88.2,62.1,69.0
473,37.2,62.5,22.6,85.7,60.9,87.5,54.8,46.0
474,42.2,51.1,29.3,76.2,70.1,81.0,52.6,84.2
475,46.9,61.4,28.6,75.8,68.9,92.3,54.7,50.9
476,37.7,61.4,21.0,81.2,55.6,83.5,55.1,59.9
477,52.1,72.6,28.9,87.5,71.8,88.5,65.9,46.1
478,30.4,54.8,19.0,96.4,57.8,90.8,56.7,44.4
479,42.2,60.0,26.9,69.8,58.1,84.1,54.3,49.5
480,68.5,70.4,25.3,82.6,71.5,95.8,59.0,48.4
481,45.1,64.0,30.0,72.7,62.5,98.7,52.8,55.0
482,57.6,64.5,31.3,87.4,75.0,95.2,55.1,48.3
483,44.6,62.2,35.3,73.7,65.1,86.8,56.1,68.3
484,49.8,63.2,31.9,75.5,66.0,77.8,58.7,50.6
485,43.8,65.3,26.1,76.1,67.6,94.5,59.1,49.3
486,43.0,57.3,30.3,79.6,68.4,90.8,48.5,55.3
487,37.3,65.6,21.3,82.4,65.1,81.2,60.1,71.9
488,49.8,54.3,24.0,83.5,72.0,94.0,51.4,62.6
489,37.4,62.7,28.0,80.1,64.3,83.8,51.1,58.8
490,52.9,61.8,49.3,70.8,66.7,97.1,60.1,42.8
491,57.5,57.8,29.1,85.2,73.4,92.7,59.0,46.3
492,50.7,60.6,24.4,79.7,64.8,80.5,55.3,44.7
493,44.5,57.5,27.7,88.2,63.5,88.2,55.8,75.7
494,52.3,55.2,24.0,75.1,74.3,93.5,55.1,66.4
495,45.0,58.7,29.1,68.8,71.6,90.8,59.1,49.7
496,57.8,54.9,29.1,79.8,67.3,97.0,54.9,53.2
497,30.6,61.9,31.1,89.1,56.9,97.4,49.4,50.1
498,45.9,54.4,27.3,81.1,71.1,88.7,59.8,49.4
499,29.7,63.7,22.5,78.6,62.9,72.2,59.7,65.5
500,35.0,54.1,24.6,73.9,62.1,80.7,49.6,56.5
501,64.0,57.1,24.8,92.3,67.6,92.0,48.7,85.0
502,59.7,56.7,55.7,72.8,69.6,93.5,54.7,75.0
503,43.9,66.3,30.2,74.9,63.1,88.1,55.4,75.7
504,36.5,61.3,36.3,84.0,57.6,95.2,55.8,68.1
505,22.2,58.5,21.5,67.0,57.3,94.6,56.4,54.9
506,46.8,61.9,26.9,89.0,65.4,85.0,52.5,67.2
507,76.8,48.8,29.1,84.4,71.2,85.7,45.1,55.8
508,57.4,59.0,30.2,86.4,71.7,89.8,55.1,79.6
509,47.8,69.1,55.6,84.0,70.8,104.9,55.5,64.9
510,58.4,59.7,29.3,79.0,72.4,88.7,54.5,63.1
511,38.5,59.3,30.9,72.7,60.2,96.7,48.3,61.5
512,51.5,61.6,26.2,79.1,69.2,83.3,53.6,80.9
513,55.9,63.3,33.4,73.3,67.2,92.4,58.2,42.8
514,54.4,48.7,30.2,83.6,60.1,92.8,51.9,82.1
515,63.5,50.2,29.5,85.8,72.4,87.3,46.9,57.8
516,59.4,59.5,28.4,90.6,68.6,94.2,49.1,43.1
517,63.0,54.8,39.5,82.9,81.9,95.6,52.0,51.0
518,49.8,64.9,25.4,86.8,72.2,92.4,58.2,40.2
519,66.1,56.6,31.6,78.2,73.4,92.0,54.3,67.8
520,73.8,48.4,27.9,77.0,73.4,91.2,47.3,47.5
521,48.1,51.7,34.5,83.7,65.2,88.5,51.9,62.0
522,49.3,44.2,30.5,77.7,59.8,86.5,53.7,73.6
523,71.9,56.7,28.6,82.4,62.9,96.6,53.5,51.9
524,57.0,56.8,31.1,73.1,62.7,94.4,46.2,56.8
525,73.3,55.5,53.6,74.4,71.8,95.7,53.0,44.4
526,55.2,63.0,27.3,85.0,56.0,89.7,63.4,55.3
527,74.5,63.5,35.3,86.9,69.6,78.4,50.3,90.9
528,61.7,56.5,31.3,73.8,67.3,87.2,52.7,69.3
529,63.3,46.6,30.1,85.4,67.9,95.8,47.7,56.8
530,76.7,60.3,32.2,77.1,69.7,90.3,54.5,52.7
531,57.8,59.9,31.2,81.0,65.6,91.3,54.7,59.5
532,52.3,58.6,29.5,90.8,74.3,71.7,58.0,61.6
533,57.6,61.8,29.8,86.6,70.6,87.5,55.1,55.0
534,67.0,51.0,27.6,86.6,67.3,90.8,55.5,66.4
535,47.1,66.8,35.2,94.4,63.8,95.4,56.2,48.6
536,69.5,51.8,26.4,76.2,70.7,94.0,49.3,48.5
537,58.1,60.3,31.2,74.3,63.6,89.3,51.4,64.4
538,75.3,48.0,29.9,76.2,68.7,89.0,41.9,46.0
539,40.2,51.7,33.2,79.6,67.1,83.6,51.8,68.7
540,56.6,63.9,26.0,64.9,64.9,86.8,63.8,59.8
541,47.9,54.9,24.6,80.0,58.9,79.7,53.8,38.1
542,56.8,60.3,25.5,77.7,66.8,76.7,56.9,61.3
543,67.9,57.2,32.1,87.1,71.0,84.5,51.2,39.8
544,64.0,55.4,24.5,84.2,59.3,96.3,51.2,68.3
545,63.5,62.6,28.6,77.6,68.8,87.7,59.0,57.0
546,64.8,54.5,21.5,86.0,73.8,87.1,59.8,82.2
547,68.7,46.7,31.0,87.0,72.9,87.4,54.6,72.9
548,56.9,51.5,26.7,76.6,78.2,77.6,53.8,47.3
549,74.4,58.2,25.9,78.6,78.6,93.6,53.4,35.8
550,74.3,57.3,36.1,66.6,79.5,80.0,53.8,50.9
551,71.8,47.4,25.3,74.6,85.5,84.3,45.9,45.3
552,73.8,51.6,34.4,77.2,75.9,91.9,44.8,81.9
553,71.5,52.2,28.1,83.0,72.3,90.4,46.4,59.9
554,89.2,53.2,40.0,75.9,81.6,90.6,51.5,71.2
555,68.3,48.0,56.8,79.0,67.7,92.4,48.0,56.6
556,66.3,51.7,26.0,74.1,70.4,83.2,44.8,57.8
557,62.2,51.1,25.7,84.0,65.4,83.4,50.3,59.6
558,59.7,58.5,32.1,85.9,69.9,86.4,52.1,73.3
559,57.8,58.6,28.3,85.8,64.1,95.0,48.7,63.7
560,61.6,53.7,28.9,83.2,65.0,82.2,50.0,47.3
561,70.1,52.4,35.8,72.4,73.1,94.7,49.7,79.5
562,74.4,55.0,28.6,79.0,71.6,90.2,49.5,56.5
563,71.9,50.1,31.2,80.6,61.9,96.4,53.7,54.5
564,64.0,48.4,33.3,80.7,61.9,90.9,41.7,26.0
565,80.9,49.3,35.3,84.2,68.5,97.4,41.8,67.6
566,79.5,50.8,31.4,93.7,69.4,89.7,50.3,61.2
567,70.8,48.1,29.3,89.5,73.3,92.3,49.6,61.2
568,66.1,54.6,23.3,77.1,70.9,77.6,53.5,55.2
569,78.4,57.3,28.1,88.8,78.8,73.2,50.8,53.1
570,75.0,45.7,32.2,88.7,76.3,93.4,44.6,55.6
571,58.9,53.7,28.6,78.7,73.0,91.9,51.5,65.6
572,72.9,52.3,31.4,90.4,74.9,93.6,49.2,67.7
573,76.4,55.1,36.0,83.4,74.0,89.9,58.2,57.2
574,65.1,53.2,25.3,74.8,75.0,96.6,50.0,71.4
575,76.2,45.9,30.2,88.0,77.5,87.3,48.1,59.1
576,59.9,46.8,29.5,86.4,69.9,92.3,58.6,53.9
577,88.1,53.2,51.2,83.4,82.8,104.2,50.5,62.4
578,87.4,58.1,39.5,84.9,64.5,105.1,55.5,43.7
579,72.6,41.8,33.9,80.3,70.3,90.0,49.3,62.8
580,79.0,54.5,33.4,89.7,72.2,87.8,54.7,41.5
581,51.4,58.6,35.6,85.2,71.2,83.8,54.6,47.7
582,64.2,51.8,23.8,86.8,77.1,96.2,51.5,35.8
583,73.0,55.3,31.3,88.3,64.6,93.2,52.5,57.9
584,65.4,48.9,31.2,77.9,76.7,93.3,47.3,79.3
585,83.4,51.8,29.0,79.8,69.2,108.2,52.0,58.6
586,96.4,44.2,35.2,70.7,73.2,94.6,55.8,67.7
587,64.9,40.5,24.5,90.3,68.3,79.4,51.0,88.2
588,68.4,56.8,33.6,78.0,68.9,90.6,53.9,64.8
589,79.3,47.1,35.9,87.6,66.0,87.1,52.3,50.8
590,93.3,49.7,35.1,89.4,81.2,90.2,46.4,52.5
591,65.1,45.0,22.0,91.1,72.9,83.6,47.0,60.0
592,79.9,44.8,27.7,78.6,79.2,85.3,51.7,52.4
593,95.8,50.9,36.7,86.7,76.6,85.0,56.3,53.3
594,61.2,48.0,29.1,99.0,68.2,99.1,46.1,71.8
595,65.1,53.5,19.3,99.5,69.4,86.4,49.5,72.3
596,73.8,53.8,36.3,94.6,80.6,91.8,60.2,40.2
597,73.0,53.0,31.7,90.2,57.7,95.4,51.6,50.2
598,86.4,52.5,29.9,80.9,71.1,92.8,58.3,54.4
599,80.8,59.1,36.8,93.1,74.3,95.1,54.5,67.2
600,60.8,45.8,26.1,87.1,62.8,92.2,49.3,73.7
601,83.8,50.8,29.9,92.3,73.8,90.8,49.1,92.4
602,73.0,56.7,32.9,84.1,71.3,95.5,56.5,54.4
603,91.6,57.3,41.4,87.5,74.2,100.2,58.4,55.0
604,72.7,43.8,36.9,90.0,72.1,94.4,43.4,67.1
605,72.7,49.2,32.3,90.7,75.0,89.8,48.3,51.8
606,84.6,57.5,56.1,92.6,74.2,112.2,56.7,58.3
607,86.9,53.2,36.5,85.3,73.8,90.4,50.8,55.0
608,83.8,51.6,27.7,80.1,74.3,91.2,48.7,28.5
609,62.5,49.4,31.9,101.0,68.7,93.4,53.8,61.5
610,84.8,48.5,29.7,107.2,66.7,86.2,53.8,57.8
611,69.2,51.8,31.8,93.1,73.1,86.1,48.9,75.3
612,82.0,49.0,31.3,80.9,72.3,88.5,50.4,60.1
613,65.4,50.0,31.8,84.9,75.9,87.9,45.2,44.9
614,84.2,50.5,33.1,94.0,78.2,82.8,46.6,56.9
615,71.7,46.7,18.2,100.0,77.4,80.2,49.2,34.9
616,67.0,52.7,31.0,82.3,65.0,92.1,51.2,45.5
617,87.0,64.5,36.8,90.1,74.2,101.0,51.9,67.6
618,82.3,41.0,33.4,92.5,68.5,95.0,43.5,57.0
619,73.8,51.4,30.8,97.4,68.6,74.8,46.3,71.1
620,94.5,45.9,40.4,89.1,84.6,99.0,50.2,36.4
621,75.6,52.6,32.8,80.7,80.1,88.1,43.2,57.1
622,80.3,49.8,33.8,96.2,68.3,94.6,45.9,54.3
623,82.7,53.3,36.8,99.9,72.5,93.3,43.9,71.5
624,73.8,55.3,32.9,91.6,71.8,90.3,53.8,68.1
625,84.7,50.4,29.1,95.2,78.3,88.9,42.9,67.7
626,74.7,55.0,21.9,89.2,63.6,85.8,52.1,78.5
627,75.9,37.5,28.5,86.8,64.8,97.3,51.6,55.6
628,93.6,57.1,37.7,100.1,80.5,93.7,59.5,76.0
629,69.6,51.0,29.1,95.8,61.1,96.1,43.2,47.5
630,55.8,54.5,31.9,96.7,64.5,96.6,53.0,47.0
631,96.0,42.9,34.4,103.9,79.6,96.2,43.2,69.0
632,105.4,44.8,40.5,86.2,83.7,84.5,43.1,41.9
633,75.8,49.6,30.2,89.9,72.0,96.8,49.4,66.9
634,60.4,48.7,30.8,95.0,66.3,87.7,54.4,61.2
635,76.7,50.2,33.5,90.2,77.2,96.0,52.5,72.9
636,76.9,54.1,37.9,99.8,74.5,88.1,48.8,59.3
637,77.8,39.8,24.0,93.2,70.1,79.9,48.7,60.7
638,68.5,53.4,28.7,87.7,70.7,101.2,42.4,66.1
639,85.3,48.5,36.1,95.3,77.5,87.3,46.4,52.0
640,84.7,47.4,38.7,96.2,84.0,101.2,45.7,51.5
641,64.5,41.0,29.9,101.8,73.3,90.7,46.7,65.7
642,86.3,50.8,31.8,98.1,82.0,88.4,49.5,59.6
643,99.8,36.2,36.9,98.8,76.9,93.2,43.9,55.1
644,80.9,51.4,35.7,98.0,71.6,85.0,49.9,59.0
645,75.7,40.7,29.2,94.6,71.5,89.5,46.4,79.1
646,77.5,48.4,32.8,91.1,72.5,84.9,51.5,54.7
647,85.0,47.4,37.3,98.3,70.5,91.3,49.6,54.3
648,61.4,53.8,37.1,94.2,74.7,99.1,50.4,39.5
649,80.3,47.0,60.6,108.5,78.5,106.8,50.4,59.5
650,74.6,44.4,30.9,106.3,70.9,81.6,51.1,67.9
651,96.9,45.3,33.9,101.5,82.3,97.1,45.9,70.0
652,76.5,54.1,34.0,99.9,74.1,92.0,51.4,61.3
653,94.8,50.4,33.8,96.8,82.0,88.6,54.8,71.5
654,67.0,45.7,30.5,88.8,63.4,94.7,43.9,68.8
655,83.8,46.4,28.1,96.3,74.4,88.0,55.8,73.4
656,80.9,39.7,36.5,98.7,74.0,86.3,40.5,71.8
657,68.9,49.4,25.7,99.8,73.8,98.9,48.4,78.8
658,79.2,38.6,29.2,101.7,70.6,89.5,41.6,58.0
659,89.4,51.1,33.9,105.0,64.3,91.5,59.2,44.1
660,73.9,48.0,38.9,93.9,66.8,92.0,47.2,68.0
661,60.1,59.2,28.1,94.2,67.7,96.1,51.7,69.4
662,76.6,41.7,28.2,109.3,73.3,86.0,45.2,78.8
663,67.6,46.7,27.7,104.7,78.7,79.6,49.1,75.4
664,73.0,56.1,38.1,96.8,74.8,90.0,51.1,83.3
665,75.5,53.0,20.3,98.9,73.1,93.1,50.7,67.4
666,59.0,43.6,56.7,99.2,67.5,108.3,33.3,62.7
667,59.8,48.1,39.7,100.3,73.5,93.3,49.5,43.4
668,80.5,47.0,34.2,103.6,71.2,100.3,48.9,63.7
669,70.3,48.3,26.0,118.2,70.4,92.5,53.5,53.4
670,49.7,43.4,26.8,102.0,59.5,86.8,52.6,62.5
671,83.0,46.4,32.4,105.5,82.0,90.2,47.8,60.7
672,77.6,38.8,34.1,89.2,75.2,94.0,48.8,65.7
673,67.6,47.4,68.3,97.8,66.7,104.2,44.6,58.8
674,61.3,48.9,30.7,110.0,67.8,90.4,52.6,71.2
675,82.6,45.5,29.9,104.4,77.3,91.8,45.9,27.3
676,77.5,38.5,33.9,71.0,72.0,81.8,40.7,62.3
677,97.6,51.5,32.0,106.7,76.6,89.9,49.9,74.4
678,77.8,48.3,27.4,115.6,70.1,86.9,54.9,82.4
679,77.2,42.8,24.0,88.3,74.9,93.2,47.8,68.8
680,71.4,45.0,24.0,113.1,69.6,75.9,54.0,80.2
681,81.0,38.9,27.7,83.3,72.0,86.6,42.6,62.0
682,78.9,41.2,26.4,109.4,67.0,85.3,50.7,60.0
683,84.9,43.6,33.5,103.0,75.9,97.5,44.8,66.4
684,66.9,52.4,25.4,86.8,69.2,87.4,51.9,60.0
685,67.5,43.0,17.0,106.6,68.6,94.3,48.1,50.6
686,66.8,49.4,25.8,111.7,71.0,91.9,52.4,53.8
687,79.3,43.5,29.5,106.4,77.5,87.3,48.4,46.7
688,86.1,47.4,30.3,108.1,79.3,91.6,46.0,66.3
689,66.2,45.4,35.6,101.3,72.6,90.7,51.7,60.1
690,66.3,50.4,27.5,91.3,68.7,93.9,57.1,55.7
691,73.4,43.3,34.0,109.4,69.2,84.0,45.0,53.2
692,67.5,38.1,29.1,117.0,65.0,84.6,37.9,66.1
693,79.2,39.0,30.8,112.8,70.8,93.1,47.6,69.4
694,46.9,43.3,23.2,91.2,64.2,94.0,46.0,46.4
695,60.9,39.6,28.1,94.7,64.3,75.8,45.3,44.5
696,61.0,47.9,25.9,99.5,68.8,96.2,51.4,71.5
697,45.3,43.5,27.0,94.5,58.8,87.7,45.6,43.5
698,58.6,57.7,28.5,106.1,59.3,77.9,52.0,66.6
699,58.8,37.1,24.0,108.8,71.7,69.0,44.4,79.4
700,65.6,46.8,33.6,96.2,67.3,82.6,54.6,79.4
701,78.5,40.1,32.7,111.8,69.4,91.2,46.2,68.9
702,64.6,43.2,27.4,110.7,63.9,88.3,42.3,68.5
703,56.4,46.4,28.8,102.9,69.0,93.2,43.8,87.0
704,65.8,35.0,28.3,105.7,76.6,85.9,44.6,32.0
705,76.6,46.8,27.8,93.4,71.0,82.3,44.2,54.4
706,56.0,55.1,29.1,104.9,65.7,87.1,45.8,70.2
707,56.3,43.3,25.4,107.5,72.2,87.9,49.9,56.0
708,70.7,46.8,26.6,108.8,62.2,89.7,51.5,74.9
709,62.6,50.6,22.9,110.4,78.6,81.7,48.8,59.5
710,70.9,44.7,28.8,109.7,83.5,94.8,49.1,61.6
711,64.0,42.5,31.3,106.3,55.7,86.9,47.8,56.7
712,70.8,35.0,26.6,110.3,70.8,83.1,46.4,53.7
713,53.1,48.6,37.9,115.5,62.3,90.7,51.9,53.4
714,63.0,44.8,32.6,108.0,67.6,97.7,37.5,63.3
715,60.7,40.3,33.5,111.0,66.1,91.0,45.2,50.7
716,50.3,46.0,30.4,107.7,69.1,86.0,50.5,71.4
717,46.5,42.4,33.8,104.6,63.4,97.5,45.3,67.8
718,68.6,42.7,26.6,113.0,66.0,101.2,47.2,73.2
719,57.9,48.3,18.3,105.6,66.5,85.4,52.3,46.5
720,50.8,38.6,24.9,112.3,67.8,94.9,45.8,39.6
721,59.7,50.5,31.2,110.0,62.0,96.8,56.2,59.9
722,71.6,38.2,30.4,107.8,63.2,86.6,49.8,94.8
723,37.2,41.9,26.0,107.8,71.1,88.2,46.3,75.2
724,44.7,54.8,32.4,106.7,60.2,83.5,51.1,53.3
725,50.0,50.8,56.7,98.9,64.3,102.1,38.9,65.1
726,73.5,45.7,33.9,113.3,70.1,88.2,47.0,68.7
727,61.4,40.5,24.7,112.4,71.2,84.9,40.8,43.6
728,65.9,42.5,24.9,116.9,78.6,83.0,47.9,76.4
729,46.4,45.5,33.1,107.4,66.8,89.8,48.8,58.0
730,46.3,45.3,27.0,124.5,56.3,91.7,50.9,58.9
731,61.6,44.7,26.3,108.7,61.6,87.4,53.5,60.3
732,57.3,44.9,25.7,105.4,65.2,76.7,47.9,73.7
733,61.8,44.0,26.2,104.7,67.2,83.6,56.7,50.9
734,54.1,37.9,24.3,99.7,57.6,78.0,46.1,39.5
735,58.4,42.5,23.0,122.7,71.6,88.0,41.8,63.9
736,56.8,49.6,22.5,121.8,61.6,89.3,47.6,35.5
737,62.7,38.2,27.7,116.5,76.3,90.4,43.8,56.4
738,62.6,44.1,26.5,106.2,77.9,83.5,50.0,74.2
739,37.9,40.9,29.4,125.3,60.1,91.2,42.6,66.9
740,31.3,45.6,25.5,110.3,61.6,84.9,47.0,72.5
741,63.4,43.1,30.0,111.0,62.9,83.2,46.6,67.4
742,64.9,52.4,27.0,123.1,72.6,93.0,49.2,88.9
743,42.4,47.5,25.7,117.8,60.2,92.8,52.2,52.9
744,33.7,38.5,25.6,128.7,54.7,93.5,48.0,64.8
745,52.9,48.4,30.7,115.2,64.4,86.7,54.0,54.7
746,60.8,41.1,28.0,110.8,65.9,96.1,45.1,71.5
747,69.1,42.1,34.0,109.5,69.1,89.0,51.7,59.3
748,55.9,46.6,28.1,100.9,71.5,93.0,43.2,80.6
749,46.7,42.5,47.6,112.1,60.1,95.7,41.4,53.6
750,41.1,49.5,24.2,122.2,71.0,85.8,44.9,76.9
751,49.7,41.1,19.5,118.5,58.3,70.2,46.5,67.1
752,46.3,41.9,27.4,114.5,72.0,86.9,51.6,59.6
753,38.7,41.7,28.0,107.6,56.5,89.5,44.3,66.5
754,69.0,42.2,32.0,116.3,70.7,88.5,45.0,63.1
755,66.0,50.5,31.6,121.9,67.3,101.3,49.3,64.3
756,59.1,48.2,42.6,117.9,66.0,89.3,51.6,57.5
757,38.2,53.6,22.8,116.2,65.5,83.0,49.5,51.6
758,55.5,56.4,31.0,109.6,74.1,85.1,50.4,56.0
759,53.0,39.9,28.8,121.4,71.9,86.0,40.6,39.8
760,50.7,45.4,25.0,93.5,63.2,93.7,45.9,70.1
761,58.4,39.2,32.3,118.2,68.4,100.0,50.4,45.2
762,51.8,41.2,23.5,133.6,61.6,82.5,46.8,57.4
763,52.5,41.9,24.9,105.2,60.8,83.1,43.8,67.8
764,51.1,39.8,33.4,114.2,59.6,84.8,50.9,70.1
765,47.8,39.8,29.8,115.9,62.2,97.7,43.6,38.7
766,26.2,44.4,22.0,112.9,59.1,92.7,53.4,58.9
767,44.5,39.0,26.9,123.5,53.8,87.8,51.2,65.5
768,37.7,49.3,26.2,119.6,61.1,79.7,49.9,60.6
769,30.1,40.5,12.8,117.5,66.6,73.6,40.2,76.1
770,59.4,59.2,26.0,122.1,73.4,89.0,62.8,50.1
771,59.5,42.9,28.2,116.8,64.9,92.4,48.7,35.4
772,55.4,45.5,26.5,139.0,59.6,75.9,46.9,69.7
773,44.0,38.7,26.7,117.9,65.5,86.4,49.3,53.6
774,54.6,53.7,33.0,118.3,54.8,101.2,54.3,38.9
775,40.9,50.8,24.9,105.1,67.8,86.1,55.6,58.1
776,42.4,46.7,21.9,113.3,61.7,94.9,46.0,74.8
777,29.1,38.5,24.7,125.3,67.9,91.2,46.7,44.8
778,43.6,46.3,24.9,108.0,54.4,80.9,43.8,88.0
779,39.9,39.6,40.2,102.3,66.6,93.3,48.5,49.9
780,25.9,52.6,52.4,117.8,57.3,100.4,50.9,61.0
781,38.1,49.3,34.6,127.2,59.8,86.6,50.8,45.4
782,37.5,45.8,16.3,118.0,54.4,77.3,47.7,60.5
783,55.9,35.0,25.6,115.4,69.7,96.8,43.0,58.4
784,46.5,40.4,26.2,104.9,67.3,82.2,42.7,42.1
785,37.3,48.8,22.4,121.1,70.1,92.7,52.7,93.9
786,39.4,51.4,29.6,122.7,66.9,87.2,56.5,54.1
787,37.0,50.9,28.9,105.7,58.1,89.3,48.1,54.1
788,34.2,37.5,23.9,126.1,55.2,90.3,47.2,71.6
789,25.1,47.0,22.4,123.6,50.7,82.6,50.5,81.8
790,34.0,50.5,24.7,126.3,67.6,90.8,50.2,73.5
791,27.8,37.2,22.7,122.5,54.4,74.1,38.8,45.6
792,22.4,45.5,22.7,123.1,64.1,89.0,43.0,62.6
793,39.7,46.9,25.0,122.2,64.5,72.7,45.6,37.4
794,38.2,44.1,26.3,124.7,63.1,86.8,39.1,70.8
795,16.1,36.3,24.3,106.0,53.3,92.3,50.2,40.4
796,32.4,44.0,19.5,108.3,63.0,88.5,49.1,50.4
797,43.3,44.0,21.8,113.7,62.9,78.1,47.5,60.0
798,43.6,44.9,19.1,118.0,61.2,77.5,39.2,65.3
799,42.9,42.9,29.3,121.7,66.4,85.5,39.9,56.9
800,32.8,43.5,25.4,121.3,59.1,88.8,47.4,78.2
801,23.6,45.6,25.2,126.9,53.1,75.4,56.1,68.7
802,20.9,48.0,17.3,127.2,59.3,83.6,46.4,67.7
803,34.9,44.3,31.9,113.1,60.2,92.8,51.2,45.2
804,35.0,43.8,22.3,120.9,62.9,84.5,45.6,80.4
805,43.8,46.3,26.9,113.4,60.9,91.6,48.7,50.4
806,41.6,36.3,28.6,118.0,56.4,90.6,49.4,80.9
807,29.0,48.3,20.3,121.6,67.4,81.9,47.9,84.3
808,17.6,46.0,20.1,95.6,63.0,73.4,45.6,66.2
809,26.5,46.2,24.4,136.4,62.4,88.0,54.2,72.4
810,31.6,50.9,36.2,123.5,57.5,87.4,50.5,23.0
811,27.2,36.3,24.2,115.4,56.7,83.6,48.9,57.7
812,23.1,36.3,28.8,133.1,63.8,92.3,41.8,73.2
813,31.2,47.5,29.3,117.2,57.6,98.2,54.6,71.1
814,23.4,46.2,24.7,120.6,53.9,87.1,49.6,45.4
815,21.9,47.1,19.1,116.3,65.9,87.9,50.6,56.5
816,31.0,44.0,28.4,131.3,59.1,80.5,48.1,29.6
817,23.6,49.6,17.5,119.0,65.9,85.2,47.8,65.0
818,29.8,51.0,31.0,120.8,51.9,90.1,50.4,37.4
819,29.9,48.8,25.2,128.2,61.6,95.0,47.7,73.6
820,15.5,45.1,11.3,123.9,65.0,77.4,51.9,74.2
821,21.8,35.9,20.8,119.5,56.7,84.0,43.5,54.3
822,40.8,50.4,28.8,127.7,60.9,95.8,44.2,66.3
823,14.6,52.7,21.5,137.7,48.5,85.2,44.4,57.4
824,10.0,49.8,24.3,122.1,58.4,80.5,43.0,62.9
825,10.0,42.2,17.5,120.8,49.1,99.1,49.4,46.2
826,25.8,50.0,18.6,121.1,57.3,77.8,45.4,67.5
827,25.6,51.0,23.6,129.1,51.5,86.4,51.6,40.3
828,23.9,54.6,24.1,115.8,65.0,89.1,52.4,38.0
829,37.0,42.4,23.5,118.0,66.9,88.4,46.7,58.5
830,10.0,45.7,26.1,109.2,52.8,86.9,50.0,57.5
831,28.4,50.6,20.9,111.7,52.7,84.3,50.9,63.3
832,39.9,47.2,27.0,116.4,69.6,87.1,38.0,52.2
833,12.8,41.4,21.5,119.6,52.0,79.1,45.3,82.6
834,20.1,49.1,16.7,132.4,50.5,96.3,51.3,61.9
835,16.2,50.0,17.2,123.7,46.0,82.3,56.6,62.8
836,14.6,47.6,22.0,113.6,51.2,89.6,55.8,62.4
837,20.1,48.3,30.8,114.9,48.8,88.4,43.9,72.0
838,37.5,45.9,27.6,129.6,58.1,86.7,47.0,66.9
839,41.4,54.7,19.7,127.9,66.1,82.1,45.6,65.3
840,19.5,42.8,9.9,120.2,54.0,70.7,53.2,68.8
841,41.7,44.4,28.7,116.9,64.3,88.4,51.8,38.1
842,22.9,47.5,22.9,127.8,53.3,84.0,50.4,38.6
843,39.9,51.9,30.7,113.0,62.3,97.4,51.4,59.1
844,21.3,40.1,18.9,122.6,66.0,77.3,51.6,57.6
845,23.4,41.0,24.2,135.8,55.3,83.6,51.2,67.0
846,25.6,37.5,26.2,121.3,59.6,82.7,49.6,60.2
847,53.6,47.9,54.3,114.4,58.3,110.8,51.0,67.0
848,30.2,42.2,22.2,122.7,66.7,80.9,45.5,45.1
849,14.5,45.9,21.9,116.5,52.0,89.3,51.4,59.9
850,31.2,51.2,60.4,110.0,64.6,111.0,53.7,43.9
851,17.7,44.7,22.2,124.6,54.7,85.2,47.1,64.6
852,16.3,49.1,47.5,127.5,57.9,90.5,48.2,37.5
853,30.2,46.5,22.4,117.5,62.4,78.0,53.1,64.2
854,21.3,51.5,18.0,117.0,54.1,89.2,57.3,42.4
855,23.7,50.5,31.5,112.9,62.6,83.2,47.2,55.4
856,21.0,44.7,20.3,118.5,52.5,87.5,46.8,70.7
857,24.1,47.4,21.1,115.6,61.1,86.2,50.4,62.7
858,24.9,53.5,23.8,112.4,55.5,89.2,53.3,40.3
859,10.0,50.3,47.4,132.7,54.7,101.5,48.0,51.9
860,27.2,41.5,21.9,122.6,55.9,80.3,54.1,42.0
861,10.6,51.8,21.7,123.3,53.4,80.0,52.4,39.7
862,10.0,43.1,52.0,125.5,47.6,105.3,49.4,61.4
863,19.8,55.7,24.1,124.6,57.2,83.3,59.3,66.7
864,21.1,53.8,14.0,116.3,56.6,65.5,49.7,65.3
865,13.3,50.2,29.5,121.0,51.3,93.6,49.7,67.2
866,28.5,49.6,23.7,117.2,58.3,80.6,44.8,59.9
867,10.0,47.8,23.6,122.1,53.7,89.6,48.4,56.7
868,16.0,52.3,17.1,121.3,51.7,91.9,45.0,47.1
869,14.2,47.1,20.0,116.2,53.6,85.1,51.8,54.7
870,19.6,50.2,20.3,109.5,50.9,91.1,51.8,44.1
871,22.8,53.5,29.6,119.8,68.6,90.7,50.3,49.9
872,10.0,46.4,18.9,117.3,58.3,94.0,48.2,61.1
873,27.3,46.2,26.8,105.4,59.6,82.0,51.5,58.6
874,20.6,43.4,20.0,122.1,62.0,85.0,42.8,96.8
875,10.0,44.1,19.2,125.2,43.1,88.6,48.5,43.9
876,10.0,40.3,39.1,136.1,40.2,93.4,48.9,58.5
877,19.9,53.2,28.4,115.6,54.0,96.1,44.2,42.9
878,17.8,58.6,15.8,114.5,48.4,80.3,56.2,55.3
879,19.0,56.8,18.1,110.4,54.5,96.5,46.0,55.8
880,19.8,41.6,14.5,119.6,57.0,95.0,46.2,70.1
881,22.3,53.4,19.3,119.4,61.3,86.3,46.7,54.6
882,29.6,57.0,21.8,112.3,53.2,89.2,58.5,57.7
883,10.0,47.7,14.9,116.6,55.0,89.6,44.5,54.8
884,10.0,50.5,18.6,103.9,53.1,77.2,43.6,43.2
885,10.0,40.0,12.6,124.2,54.7,73.4,46.5,52.2
886,23.2,51.5,19.5,112.2,54.4,92.3,48.9,55.4
887,32.8,44.9,29.3,117.3,66.8,91.3,41.9,60.9
888,16.1,51.3,24.1,107.4,54.3,85.7,52.6,66.7
889,10.0,42.6,21.7,113.2,61.9,85.9,39.1,57.2
890,10.0,53.2,17.7,115.3,49.0,69.5,47.1,57.0
891,12.3,55.6,16.1,117.0,57.4,81.9,49.9,39.4
892,15.1,46.7,17.4,120.4,54.2,79.2,51.9,66.5
893,16.7,45.0,21.9,127.0,53.4,91.5,53.2,51.6
894,21.2,40.0,25.9,121.9,59.5,93.9,50.4,69.0
895,17.8,49.5,26.2,123.5,53.8,91.6,49.2,75.8
896,31.5,48.0,43.5,126.7,46.1,99.1,39.5,57.7
897,14.4,43.2,18.7,120.5,39.0,75.4,48.8,47.7
898,12.6,53.3,22.3,116.1,60.1,89.7,57.2,59.8
899,26.1,48.9,22.5,123.4,64.0,90.0,54.5,64.2
900,10.0,45.8,20.4,123.7,62.4,92.7,50.2,56.2
901,25.5,48.5,31.9,120.6,57.6,103.7,44.6,53.2
902,22.7,56.7,16.9,105.8,50.3,73.3,50.6,66.8
903,20.4,54.4,22.5,110.0,54.0,83.9,59.5,66.0
904,37.9,50.8,63.1,113.8,61.4,102.1,44.7,55.8
905,15.9,54.7,16.9,121.1,49.7,84.5,47.3,40.2
906,42.9,45.8,23.5,115.3,71.1,86.8,52.1,65.5
907,20.1,51.9,21.1,123.3,67.2,84.1,49.0,50.8
908,10.0,52.5,20.8,124.5,55.4,91.6,46.3,62.6
909,23.4,49.5,17.1,123.5,57.0,76.9,55.9,61.8
910,12.1,54.1,24.5,123.4,47.2,81.0,53.5,37.3
911,15.5,48.1,24.8,107.6,62.4,81.3,47.7,61.0
912,27.2,54.7,26.5,118.1,58.5,86.1,47.3,66.2
913,28.9,55.0,21.3,110.4,57.2,78.3,60.2,67.6
914,17.3,37.7,22.0,102.9,57.6,85.7,45.0,61.4
915,33.6,58.3,22.1,112.4,57.2,85.1,58.9,36.3
916,35.5,37.2,23.0,123.5,61.4,81.8,48.5,75.3
917,38.4,49.4,51.9,117.3,54.3,106.2,47.7,64.9
918,29.6,57.7,25.4,128.1,64.3,87.3,51.0,45.6
919,38.1,51.1,21.1,115.1,60.9,91.9,56.2,50.5
920,10.0,45.4,21.9,130.8,58.8,84.8,54.0,62.8
921,21.7,47.4,17.6,114.8,55.5,83.7,41.5,68.2
922,16.4,58.1,18.3,113.6,54.2,80.8,55.4,54.1
923,26.5,43.4,19.3,104.3,51.9,84.6,46.9,69.9
924,19.8,58.8,21.9,120.9,59.7,90.2,49.4,38.5
925,24.1,52.9,27.6,109.5,52.9,86.3,52.2,47.5
926,44.8,47.3,28.8,108.3,61.0,92.5,43.5,35.2
927,24.5,50.4,25.8,121.7,57.4,83.0,48.3,49.2
928,30.5,48.4,20.1,120.7,59.8,89.6,46.2,78.1
929,24.3,57.9,22.1,120.3,48.8,82.6,51.2,84.7
930,27.6,57.3,25.8,109.7,57.1,93.0,52.6,62.8
931,27.2,45.1,21.2,111.8,62.1,86.0,44.0,52.3
932,31.9,51.8,23.8,111.5,57.7,96.0,57.0,57.3
933,39.3,49.6,27.6,117.3,60.7,81.9,51.8,65.7
934,44.3,60.4,26.1,122.5,64.1,79.2,61.3,41.2
935,31.2,47.3,25.4,114.1,58.7,84.0,48.3,53.1
936,34.3,62.2,32.5,125.2,55.1,82.9,52.7,77.2
937,17.1,54.0,22.2,117.5,54.9,77.8,58.6,47.5
938,28.0,48.5,28.8,109.4,63.4,93.1,47.1,51.0
939,38.6,51.0,28.1,116.7,56.3,89.0,49.7,60.2
940,38.1,50.5,19.9,122.7,59.6,82.1,53.1,63.4
941,31.9,48.2,20.2,124.5,52.7,82.8,44.3,52.5
942,38.9,55.1,22.9,118.7,66.4,82.9,54.9,60.9
943,35.2,48.6,21.7,110.4,60.1,95.8,51.8,67.3
944,42.6,43.9,25.5,108.6,58.5,83.3,52.6,83.5
945,33.8,53.0,27.8,113.9,60.6,81.0,54.8,58.5
946,27.6,46.0,28.8,121.5,52.3,94.2,53.6,59.5
947,34.8,51.3,26.6,112.6,55.3,87.0,50.1,78.3
948,10.0,50.6,19.8,112.6,45.7,97.1,46.8,53.4
949,35.9,50.9,17.1,109.6,55.4,80.4,58.8,44.1
950,10.0,65.4,23.0,106.8,59.8,91.6,50.1,63.0
951,15.4,55.7,22.9,107.8,51.0,92.9,46.6,72.9
952,37.5,56.8,26.9,109.7,63.6,85.3,55.0,64.3
953,38.1,46.8,33.9,120.6,57.2,87.5,55.2,58.8
954,22.0,52.5,50.3,106.7,60.4,104.6,51.8,42.6
955,26.8,56.9,27.7,108.6,52.9,92.3,56.8,59.3
956,48.0,50.8,23.4,102.0,64.6,78.2,42.3,74.8
957,29.7,60.5,23.2,112.9,59.2,79.8,52.2,45.2
958,57.3,50.1,28.2,117.3,78.8,73.9,42.5,57.1
959,35.2,54.7,22.6,118.9,63.7,89.9,55.0,55.4
960,39.6,53.3,28.2,108.8,58.9,87.5,45.1,51.6
961,52.0,57.2,29.8,111.2,69.0,88.9,47.8,63.0
962,37.5,53.3,21.5,105.9,71.9,75.6,53.4,65.3
963,26.5,55.2,29.2,110.5,49.8,83.0,56.3,65.2
964,35.8,55.5,26.2,108.9,56.5,85.2,51.6,48.3
965,36.9,53.1,18.9,106.9,59.9,80.4,53.5,40.2
966,23.9,59.2,24.1,107.3,55.1,87.8,55.8,63.1
967,35.4,58.1,27.1,109.3,59.0,92.1,52.4,53.9
968,30.8,56.6,29.0,103.9,52.7,103.1,48.3,82.1
969,47.9,54.9,26.2,104.1,71.4,88.0,54.2,82.6
970,39.3,61.2,30.1,117.5,54.7,96.7,56.9,83.9
971,36.5,56.1,26.7,124.4,59.9,83.4,56.0,48.7
972,38.6,55.8,21.0,96.8,66.8,75.5,53.6,66.8
973,42.2,58.0,21.3,96.2,62.5,83.5,48.5,70.5
974,46.5,66.0,32.7,98.2,59.1,81.8,59.2,69.1
975,30.7,51.0,29.5,103.9,52.5,89.8,50.4,55.7
976,30.7,61.6,26.8,110.8,58.1,83.7,52.7,75.3
977,52.5,48.4,33.7,108.4,62.0,80.1,48.2,60.0
978,37.7,59.0,30.6,105.3,62.3,100.7,50.8,61.5
979,28.0,65.9,28.2,107.6,51.4,85.9,59.9,41.5
980,47.0,60.6,24.3,98.9,68.2,77.3,48.6,67.7
981,47.5,59.1,34.8,101.9,64.8,97.8,49.7,56.9
982,28.0,55.5,26.8,103.2,59.3,84.0,50.9,65.6
983,45.9,58.6,26.0,92.1,71.0,94.5,59.9,62.8
984,51.4,57.2,25.6,94.9,63.2,83.4,57.1,62.2
985,48.1,54.7,28.6,95.0,60.8,86.1,45.3,59.5
986,51.1,57.2,21.6,108.0,62.6,87.9,58.3,69.4
987,31.1,59.8,28.2,104.2,58.4,92.7,59.3,57.6
988,48.8,55.0,23.9,106.5,64.2,91.6,47.3,42.5
989,42.8,54.9,28.3,89.2,58.7,88.6,41.9,66.8
990,41.4,52.3,41.8,91.5,52.3,99.1,50.6,50.3
991,55.3,61.1,28.1,106.3,63.8,93.5,58.9,44.1
992,61.8,62.0,27.2,82.1,70.3,89.8,61.2,47.7
993,65.3,60.5,30.0,109.9,70.3,89.1,50.7,63.4
994,60.9,64.3,37.8,88.4,74.3,85.2,62.7,58.8
995,47.0,60.0,33.4,106.8,73.9,95.3,45.1,34.4
996,52.0,61.6,30.1,94.5,69.4,90.3,53.2,55.4
997,56.5,61.2,29.3,107.9,73.9,87.2,52.8,74.0
998,50.5,59.4,31.7,122.8,69.0,98.5,58.4,54.6
999,50.9,57.3,32.7,84.3,73.8,82.8,58.1,58.0
1000,58.2,71.1,27.1,104.9,76.7,98.4,62.3,72.5
